Date,Adj Close,Adj Close - Dow Jones,Adj Close – NASDAQ,Spx – Adj Close,Adj Close IEF,Adj Close SHY,Adj Close TIP,CWSR0000SA0,INDPRO,IR3TIB01USM156N,Brent,Crude Oil,Gold,Natural gas,S&P GSCI
1971-01-01,120.239998,,,,,,,40.1,37.7008,5.09,,,,,
1971-02-01,120.260002,,,,,,,40.2,37.629,4.38,,,,,
1971-03-01,120.169998,,,,,,,40.2,37.5883,3.85,,,,,
1971-04-01,120.190002,,,,,,,40.4,37.7993,4.45,,,,,
1971-05-01,119.43,,,,,,,40.5,37.9911,4.98,,,,,
1971-06-01,119.160004,,,,,,,40.7,38.1505,5.4,,,,,
1971-07-01,118.760002,,,,,,,40.9,38.0397,5.75,,,,,
1971-08-01,116.470001,,,,,,,41,37.819,5.74,,,,,
1971-09-01,114.93,,,,,,,41,38.4336,5.63,,,,,
1971-10-01,114.650002,,,,,,,41.1,38.7213,5.27,,,,,
1971-11-01,114.010002,,,,,,,41.2,38.8856,4.87,,,,,
1971-12-01,111.209999,,,,,,,41.4,39.3345,4.65,,,,,
1972-01-01,109.599998,,,,,,,41.5,40.2751,3.95,,,,,
1972-02-01,108.68,,,,,,,41.6,40.6932,3.61,,,,,
1972-03-01,108.400002,,,,,,,41.7,40.9766,4.08,,,,,
1972-04-01,108.620003,,,,,,,41.7,41.3843,4.6,,,,,
1972-05-01,108.169998,,,,,,,41.8,41.39,4.41,,,,,
1972-06-01,108.510002,,,,,,,41.9,41.4898,4.64,,,,,
1972-07-01,108.760002,,,,,,,42.1,41.4485,4.82,,,,,
1972-08-01,108.959999,,,,,,,42.2,42.0158,4.85,,,,,
1972-09-01,109.389999,,,,,,,42.3,42.3429,5.13,,,,,
1972-10-01,109.900002,,,,,,,42.5,42.8745,5.25,,,,,
1972-11-01,109.849998,,,,,,,42.6,43.3834,5.22,,,,,
1972-12-01,110.139999,,,,,,,42.8,43.8725,5.43,,,,,
1973-01-01,109.010002,,,,,,,43,44.1952,5.81,,,,,
1973-02-01,100.129997,,,,,,,43.2,44.8299,6.34,,,,,
1973-03-01,101.169998,,,,,,,43.6,44.8444,7.05,,,,,
1973-04-01,101.43,,,,,,,43.9,44.7876,7.31,,,,,
1973-05-01,98,,,,,,,44.2,45.0922,7.55,,,,,
1973-06-01,93.879997,,,,,,,44.4,45.1372,8.16,,,,,
1973-07-01,92.910004,,,,,,,44.5,45.3163,9.7,,,,,
1973-08-01,95.769997,,,,,,,45.3,45.2482,10.77,,,,,
1973-09-01,94.790001,,,,,,,45.4,45.6148,10.59,,,,,
1973-10-01,95.059998,,,,,,,45.8,45.9627,9.2,,,,,
1973-11-01,100.349998,,,,,,,46.2,46.1781,9.24,,,,,
1973-12-01,102.389999,,,,,,,46.5,46.0553,9.27,,,,,
1974-01-01,105.900002,,,,,,,47,45.7415,9,,,,,
1974-02-01,103.029999,,,,,,,47.6,45.6029,8.08,,,,,
1974-03-01,99.510002,,,,,,,48.1,45.6093,8.84,,,,,
1974-04-01,98.489998,,,,,,,48.3,45.4865,10.25,,,,,
1974-05-01,99.769997,,,,,,,48.8,45.8299,11.2,,,,,
1974-06-01,100.160004,,,,,,,49.2,45.7552,11.38,,,,,
1974-07-01,100.540001,,,,,,,49.6,45.828,12.25,,,,,
1974-08-01,103.18,,,,,,,50.2,45.3423,12.23,,,,,
1974-09-01,102.480003,,,,,,,50.9,45.3551,11.6,,,,,
1974-10-01,101.260002,,,,,,,51.3,45.2077,9.78,,,,,
1974-11-01,99.57,,,,,,,51.8,43.7312,9.09,,,,,
1974-12-01,97.290001,,,,,,,52.2,42.1667,9.23,,,,,
1975-01-01,95.610001,,,,,,,52.6,41.588,7.48,,,,,
1975-02-01,93,,,,,,,52.9,40.6296,6.41,,,,,
1975-03-01,94.82,,,,,,,53.1,40.1811,6.18,,,,,
1975-04-01,95.389999,,,,,,,53.3,40.26,6.26,,,,,
1975-05-01,94.629997,,,,,,,53.4,40.1391,5.79,,,,,
1975-06-01,95.860001,,,,,,,53.8,40.3939,5.82,,,,,
1975-07-01,101.25,,,,,,,54.3,40.791,6.55,,,,,
1975-08-01,101.790001,,,,,,,54.5,41.2089,6.87,,,,,
1975-09-01,104.239998,,,,,,,54.9,41.7455,7.03,,,,,
1975-10-01,101.610001,,,,,,,55.2,41.9223,6.56,,,,,
1975-11-01,103.529999,,,,,,,55.6,41.9745,6.26,,,,,
1975-12-01,103.510002,,,,,,,55.9,42.5521,6.03,,,,,
1976-01-01,103.879997,,,,,,,56.2,43.1271,5.14,,,,,
1976-02-01,103.660004,,,,,,,56.2,43.5561,5.18,,,,,
1976-03-01,105.339996,,,,,,,56.3,43.6464,5.34,,,,,
1976-04-01,106.230003,,,,,,,56.5,43.8709,5.12,,,,,
1976-05-01,107.290001,,,,,,,56.7,44.055,5.56,,,,,
1976-06-01,106.639999,,,,,,,57,44.0988,5.84,,,,,
1976-07-01,106.559998,,,,,,,57.3,44.3519,5.52,,,,,
1976-08-01,106.129997,,,,,,,57.6,44.6538,5.39,,,,,
1976-09-01,105.5,,,,,,,57.9,44.7817,5.33,,,,,
1976-10-01,105.940002,,,,,,,58.2,44.783,5.12,,,,,
1976-11-01,106.190002,,,,,,,58.4,45.4764,5.01,,,,,
1976-12-01,104.559998,,,,,,,58.7,45.9469,4.67,,,,,
1977-01-01,105.540001,,,,,,,59.1,45.6487,4.83,,,,,
1977-02-01,105.260002,,,,,,,59.6,46.3805,4.83,,,,,
1977-03-01,105.029999,,,,,,,59.9,46.9566,4.84,,,,,
1977-04-01,104.389999,,,,,,,60.3,47.4185,4.8,,,,,
1977-05-01,104.519997,,,,,,,60.6,47.7834,5.36,,,,,
1977-06-01,103.839996,,,,,,,60.9,48.1403,5.42,,,,,
1977-07-01,102.860001,,,,,,,61.2,48.1927,5.46,,,,,
1977-08-01,103.639999,,,,,,,61.4,48.2499,5.9,,,,,
1977-09-01,103.209999,,,,,,,61.7,48.4515,6.19,,,,,
1977-10-01,100.959999,,,,,,,61.9,48.5177,6.67,,,,,
1977-11-01,100.370003,,,,,,,62.3,48.6111,6.68,,,,,
1977-12-01,96.440002,,,,,,,62.6,48.6743,6.71,,,,,
1978-01-01,96.639999,,,,,,,63,47.9744,6.94,,,,,
1978-02-01,94.599998,,,,,,,63.3,48.2322,6.9,,,,,
1978-03-01,93.839996,,,,,,,63.8,49.1693,6.86,,,,,
1978-04-01,95.620003,,,,,,,64.2,50.1546,7.03,,,,,
1978-05-01,95.459999,,,,,,,64.8,50.3971,7.4,,,,,
1978-06-01,93.529999,,,,,,,65.3,50.7005,7.83,,,,,
1978-07-01,90.940002,,,,,,,65.8,50.6512,8.12,,,,,
1978-08-01,90,,,,,,,66.2,50.8676,8.06,,,,,
1978-09-01,88.830002,,,,,,,66.7,51.0077,8.64,,,,,
1978-10-01,83.07,,,,,,,67.4,51.3902,9.44,,,,,
1978-11-01,90.220001,,,,,,,67.8,51.781,10.72,,,,,
1978-12-01,86.5,,,,,,,68.3,52.0449,10.72,,,,,
1979-01-01,88.860001,,,,,,,68.8,51.7484,10.51,,,,,
1979-02-01,88.18,,,,,,,69.6,52.0053,10.19,,,,,
1979-03-01,88.529999,,,,,,,70.3,52.1613,10.13,,,,,
1979-04-01,89.980003,,,,,,,71.1,51.5654,10.06,,,,,
1979-05-01,90.529999,,,,,,,71.9,52.0022,10.16,,,,,
1979-06-01,87.849998,,,,,,,72.7,52.008,9.95,,,,,
1979-07-01,87.309998,,,,,,,73.5,51.9231,10.11,,,,,
1979-08-01,87.190002,,,,,,,74.2,51.5966,10.71,,,,,
1979-09-01,85.449997,,,,,,,75,51.5842,11.89,,,,,
1979-10-01,88.949997,,,,,,,75.7,51.9405,13.66,,,,,
1979-11-01,86.790001,,,,,,,76.5,51.8626,13.9,,,,,
1979-12-01,85.82,,,,,,,77.3,51.9025,13.43,,,,,
1980-01-01,86.139999,,,,,,,78.5,52.1712,13.39,,,,,
1980-02-01,87.650002,,,,,,,79.4,52.1976,14.3,,,,,
1980-03-01,93.580002,,,,,,,80.6,51.9834,17.57,,,,,
1980-04-01,88.110001,,,,,,,81.4,50.9746,16.14,,,,,
1980-05-01,85.93,,,,,,,82.2,49.7086,9.79,,,,,
1980-06-01,85.199997,,,,,,,83,49.0754,8.49,,,,,
1980-07-01,86.080002,,,,,,,83.1,48.7001,8.65,,,,,
1980-08-01,85.849998,,,,,,,83.7,48.8535,9.91,,,,,
1980-09-01,86.019997,,,,,,,84.4,49.6791,11.29,,,,,
1980-10-01,88.379997,,,,,,,85.3,50.3058,12.94,,,,,
1980-11-01,90.010002,,,,,,,86.2,51.1348,15.68,,,,,
1980-12-01,90.389999,,,,,,,87,51.4875,18.65,,,,,
1981-01-01,95.239998,,,,,,,87.7,51.1668,17.19,,,,,
1981-02-01,97.059998,,,,,,,88.6,50.9509,16.14,,,,,
1981-03-01,96.760002,,,,,,,89.1,51.2066,14.43,,,,,
1981-04-01,100.449997,,,,,,,89.6,50.9711,15.08,,,,,
1981-05-01,104.949997,,,,,,,90.2,51.2645,18.27,,,,,
1981-06-01,107.709999,,,,,,,90.9,51.5247,16.9,,,,,
1981-07-01,111.720001,,,,,,,92,51.8727,17.76,,,,,
1981-08-01,110.279999,,,,,,,92.7,51.8156,17.96,,,,,
1981-09-01,107.730003,,,,,,,93.5,51.5692,16.84,,,,,
1981-10-01,106.129997,,,,,,,93.8,51.1851,15.39,,,,,
1981-11-01,103.18,,,,,,,94.2,50.5914,12.48,,,,,
1981-12-01,104.690002,,,,,,,94.5,50.053,12.49,,,,,
1982-01-01,108.029999,,,,,,,94.8,49.0358,13.51,,,,,
1982-02-01,111.93,,,,,,,95.1,50.0309,15,,,,,
1982-03-01,114.730003,,,,,,,95,49.6876,14.21,,,,,
1982-04-01,111.599998,,,,,,,95.3,49.2266,14.44,,,,,
1982-05-01,112.790001,,,,,,,96.1,48.8924,13.8,,,,,
1982-06-01,119.040001,,,,,,,97.3,48.7588,14.46,,,,,
1982-07-01,119.050003,,,,,,,97.8,48.5887,13.44,,,,,
1982-08-01,120.290001,,,,,,,98.1,48.1582,10.61,,,,,
1982-09-01,122.199997,,,,,,,98.1,48.0164,10.66,,,,,
1982-10-01,124.779999,,,,,,,98.5,47.571,9.51,,,,,
1982-11-01,121,,,,,,,98.4,47.4235,8.95,,,,,
1982-12-01,117.360001,,,,,,,98.1,47.0712,8.66,,,,,
1983-01-01,121.120003,,,,,,,98.2,47.9518,8.36,,,,,
1983-02-01,120.349998,,,,,,,98.2,47.6648,8.54,,,,,
1983-03-01,122.209999,,,,,,,98.5,48.054,8.69,,,,,
1983-04-01,122.389999,,,,,,,99.1,48.6536,8.63,,,,,
1983-05-01,123.790001,,,,,,,99.5,48.9668,8.49,,,,,
1983-06-01,124.940002,,,,,,,99.7,49.251,9.2,,,,,
1983-07-01,128.440002,,,,,,,100,49.9861,9.5,,,,,
1983-08-01,130.839996,,,,,,,100.5,50.5862,9.77,,,,,
1983-09-01,128.350006,,,,,,,100.7,51.3227,9.39,,,,,
1983-10-01,128.399994,,,,,,,101,51.714,9.18,,,,,
1983-11-01,130.639999,,,,,,,101.2,51.9425,9.36,,,,,
1983-12-01,131.789993,,,,,,,101.3,52.1897,9.69,,,,,
1984-01-01,135.509995,,,,,,,101.8,53.2371,9.42,,,,,
1984-02-01,128.25,,,,,,,102,53.4741,9.54,,,,,
1984-03-01,128.220001,,,,,,,102,53.7313,10.08,,,,,
1984-04-01,132.639999,,,,,,,102.2,54.0454,10.41,,,,,
1984-05-01,133.690002,,,,,,,102.5,54.3263,11.11,,,,,
1984-06-01,136.259995,,,,,,,102.7,54.5095,11.34,,,,,
1984-07-01,141.289993,,,,,,,103.2,54.6658,11.56,,,,,
1984-08-01,140.330002,,,,,,,104.1,54.7307,11.47,,,,,
1984-09-01,147.550003,,,,,,,104.5,54.5783,11.29,,,,,
1984-10-01,146.389999,,,,,,,104.7,54.5549,10.38,,,,,
1984-11-01,149.210007,,,,,,,104.8,54.74,9.18,,,,,
1984-12-01,151.470001,,,,,,,104.9,54.7733,8.6,,,,,
1985-01-01,152.720001,,278.700012,,,,,105.2,54.7203,8.14,,,,,
1985-02-01,160.410004,,284.200012,,,,,105.7,54.91,8.69,,,,,
1985-03-01,149.179993,,279.200012,,,,,106.1,54.9841,9.02,,,,,
1985-04-01,149.699997,,280.600006,,,,,106.4,54.8853,8.49,,,,,
1985-05-01,147.860001,,290.799988,,,,,106.6,54.952,7.92,,,,,
1985-06-01,146.119995,,296.200012,,,,,106.9,54.9269,7.44,,,,,
1985-07-01,137.259995,,301.299988,,,,,107,54.642,7.64,,,,,
1985-08-01,138.199997,,297.700012,,,,,107.1,54.8269,7.81,,,,,
1985-09-01,132.119995,,280.299988,,,,,107.3,55.0447,7.93,,,,,
1985-10-01,129.389999,,292.5,,,,,107.7,54.8418,7.88,,,,,
1985-11-01,124.989998,,314,,,,,108.2,55.0381,7.81,,,,,
1985-12-01,123.459999,,324.899994,,,,,108.7,55.5958,7.8,,,,,
1986-01-01,121.519997,,335.799988,,,,,109.1,55.8793,7.82,,,,,
1986-02-01,115.080002,,359.5,,,,,108.8,55.4963,7.69,,,,,
1986-03-01,117.919998,,374.700012,,,,,108.1,55.097,7.24,,,,,
1986-04-01,111.769997,,383.200012,,,,,107.7,55.16,6.6,,,,,
1986-05-01,117.510002,,400.200012,,,,,107.8,55.2556,6.65,,,,,
1986-06-01,111.610001,,405.5,,,,,108.3,55.0449,6.73,,,,,
1986-07-01,108.040001,,371.399994,,,,,108.3,55.3725,6.37,,,,,
1986-08-01,106.43,,382.899994,,,,,108.4,55.2845,5.92,,,,,
1986-09-01,106.739998,,350.700012,,,,,108.8,55.4459,5.71,,,,,
1986-10-01,109.269997,,360.799988,,,,,108.9,55.6766,5.69,,,,,
1986-11-01,105.919998,,359.600006,,,,,109.2,55.8828,5.76,,,,,
1986-12-01,103.580002,,348.799988,,,,,109.5,56.4269,6.04,,,,,
1987-01-01,99.860001,,392.100006,,,,,110.2,56.2123,5.87,,,,,
1987-02-01,99.260002,,425,,,,,110.7,56.9589,6.1,,,,,
1987-03-01,97.110001,,430.100006,,,,,111.1,57.0365,6.17,,,,,
1987-04-01,95.940002,,417.799988,,,,,111.6,57.3995,6.52,,,,,
1987-05-01,97.769997,,416.5,,,,,111.9,57.7653,6.99,,,,,
1987-06-01,98.129997,,424.700012,,,,,112.4,58.0726,6.94,,,,,
1987-07-01,99.790001,,434.899994,,,,,112.7,58.4772,6.7,,,,,
1987-08-01,97.32,,455,,,,,113.2,58.9076,6.75,,,,,
1987-09-01,98.57,,444.299988,,,,,113.6,59.1237,7.37,,,,,
1987-10-01,93.650002,,323.299988,,,,,113.9,59.9408,8.02,,,,,
1987-11-01,89.150002,,305.200012,,,,,114.2,60.2323,7.24,,,,,
1987-12-01,85.419998,,330.5,,,,,114.4,60.5629,7.66,,,,,
1988-01-01,90.339996,,344.700012,,,,,114.7,60.564,6.92,,,,,
1988-02-01,90.529999,,367,,,,,114.9,60.8632,6.6,,,,,
1988-03-01,88.300003,,374.600006,,,,,115.2,61.0006,6.63,,,,,
1988-04-01,89.160004,,379.200012,,,,,115.8,61.3536,6.92,,,,,
1988-05-01,91.089996,,370.299988,,,,,116.2,61.2454,7.24,,,,,
1988-06-01,95.410004,,394.700012,,,,,116.6,61.4107,7.51,,,,,
1988-07-01,97.529999,,387.299988,,,,,117.3,61.4169,7.94,,,,,
1988-08-01,98.419998,,376.600006,,,,,117.7,61.7365,8.35,,,,,
1988-09-01,97.690002,,387.700012,,,,,118.2,61.5395,8.23,,,,,
1988-10-01,93.760002,,382.5,,,,,118.6,61.7996,8.36,,,,,
1988-11-01,90.529999,,371.5,,,,,118.9,61.9552,8.78,,,,,
1988-12-01,92.5,,381.399994,,,,,119.3,62.2362,9.25,,,,,
1989-01-01,96.769997,,401.299988,,,,,119.9,62.4165,9.2,,,,,
1989-02-01,94.900002,,399.700012,,,,,120.3,62.1423,9.51,,,,,
1989-03-01,98.139999,,406.700012,,,,,120.9,62.3049,10.09,,,,,
1989-04-01,97.709999,,427.600006,,,,,121.9,62.2966,9.94,,,,,
1989-05-01,102.980003,,446.200012,,,,,122.5,61.9483,9.59,,,,,
1989-06-01,102.019997,,435.299988,,,,,122.8,61.9423,9.2,,,,,
1989-07-01,97.389999,,453.799988,,,,,123.2,61.3334,8.76,,,,,
1989-08-01,102.279999,,469.299988,,,,,123.2,61.9394,8.64,,,,,
1989-09-01,98.470001,,472.899994,,,,,123.4,61.7394,8.78,,,,,
1989-10-01,98.07,,455.600006,,,,,123.9,61.6605,8.6,,,,,
1989-11-01,96.269997,,456.100006,,,,,124.4,61.8627,8.39,,,,,
1989-12-01,93.209999,,454.799988,,,,,124.9,62.2192,8.32,,,,,
1990-01-01,92.410004,,415.799988,329.08,,,,126.1,61.9021,8.16,,,,,
1990-02-01,93.290001,,425.799988,331.89,,,,126.6,62.464,8.22,,,,,
1990-03-01,93.690002,,435.5,339.94,,,,127,62.7645,8.35,,,,,
1990-04-01,93.07,,420.100006,330.8,,,,127.3,62.6499,8.42,,,,,
1990-05-01,92.980003,,459,361.23,,,,127.5,62.8126,8.35,,,,,
1990-06-01,91.150002,,462.299988,358.02,,,,128.2,63.0256,8.23,,,,,
1990-07-01,87.169998,,438.200012,356.15,,,,128.8,62.9353,8.1,,,,,
1990-08-01,86.559998,,381.200012,322.56,,,,129.9,63.172,7.97,,,,,
1990-09-01,86,,344.5,306.05,,,,130.9,63.1832,8.06,,,,,
1990-10-01,83.279999,,329.799988,304,,,,131.7,62.7886,8.06,,,,,
1990-11-01,82.93,,359.100006,322.22,,,,132.1,62.0154,8.03,,,,,
1990-12-01,83.07,,373.799988,330.22,,,,132.5,61.5915,7.82,,,,,
1991-01-01,82,,414.200012,343.93,,,,132.9,61.3624,7.17,,,,,
1991-02-01,84.080002,,453.100006,367.07,,,,132.9,60.9255,6.52,,,,,
1991-03-01,92.019997,,482.299988,375.22,,,,133,60.5853,6.45,,,,,
1991-04-01,91.540001,,484.720001,375.34,,,,133.3,60.7604,6.06,,,,,
1991-05-01,93.129997,,506.109985,389.83,,,,133.8,61.3572,5.91,,,,,
1991-06-01,96.059998,,475.920013,371.16,,,,134.1,61.8396,6.07,,,,,
1991-07-01,93.489998,,502.040009,387.81,,,,134.3,62.0065,5.98,,,,,
1991-08-01,93.489998,,525.679993,395.43,,,,134.6,62.0141,5.65,,,,,
1991-09-01,89.900002,,526.880005,387.86,,,,135,62.5457,5.47,,,,,
1991-10-01,89.93,,542.97998,392.45,,,,135.2,62.4572,5.33,,,,,
1991-11-01,88.190002,,523.900024,375.22,,,,135.8,62.371,4.94,,,,,
1991-12-01,83.519997,,586.340027,417.09,,,,136.2,62.0999,4.47,,,,,
1992-01-01,87.489998,,620.210022,408.78,,,,136.2,61.7744,4.05,,,,,
1992-02-01,88.989998,,633.469971,412.7,,,,136.5,62.2167,4.07,,,,,
1992-03-01,89.650002,,603.77002,403.69,,,,136.9,62.7223,4.25,,,,,
1992-04-01,89.620003,,578.679993,414.95,,,,137.2,63.1981,4,,,,,
1992-05-01,87.220001,,585.309998,415.35,,,,137.5,63.4008,3.82,,,,,
1992-06-01,83.720001,,563.599976,408.14,,,,138,63.4358,3.86,,,,,
1992-07-01,81.910004,,580.830017,424.21,,,,138.4,64.013,3.37,,,,,
1992-08-01,78.879997,,563.119995,414.03,,,,138.7,63.6652,3.31,,,,,
1992-09-01,81.099998,,583.27002,417.8,,,,139,63.8563,3.13,,,,,
1992-10-01,87.629997,,605.169983,418.68,,,,139.5,64.3089,3.26,,,,,
1992-11-01,90.839996,,652.72998,431.35,,,,139.8,64.563,3.58,,,,,
1992-12-01,92.360001,,676.950012,435.71,,,,140.1,64.6477,3.48,,,,,
1993-01-01,92.459999,,696.340027,438.78,,,,140.5,64.9199,3.19,,,,,
1993-02-01,94.050003,,670.77002,443.38,,,,140.8,65.2156,3.12,,,,,
1993-03-01,91.870003,,690.130005,451.67,,,,141,65.1605,3.11,,,,,
1993-04-01,89.489998,,661.419983,440.19,,,,141.4,65.3503,3.09,,,,,
1993-05-01,89.080002,,700.530029,450.19,,,,141.8,65.0993,3.1,,,,,
1993-06-01,93.629997,,703.950012,450.53,,,,142,65.2428,3.21,,,,,
1993-07-01,95.370003,,704.700012,448.13,,,,142.1,65.3988,3.16,,,,,
1993-08-01,93.949997,,742.840027,463.56,,,,142.4,65.3265,3.14,,,,,
1993-09-01,92.82,,762.780029,458.93,,,,142.5,65.6562,3.12,,,,,
1993-10-01,95.080002,,779.26001,467.83,,,,143.2,66.1632,3.24,,,,,
1993-11-01,96.209999,,754.390015,461.79,,,,143.4,66.4831,3.35,,,,,
1993-12-01,96.839996,,776.799988,466.45,,,,143.7,66.8399,3.26,,,,,
1994-01-01,95.589996,,800.469971,481.61,,,,143.8,67.0596,3.15,,,,,
1994-02-01,94.550003,,792.5,467.14,,,,144,67.106,3.43,,,,,
1994-03-01,93.059998,,743.460022,445.77,,,,144.3,67.7792,3.77,,,,,
1994-04-01,92.120003,,733.840027,450.91,,,,144.5,68.1906,4.01,,,,,
1994-05-01,92.519997,,735.190002,456.5,,,,144.8,68.5136,4.51,,,,,
1994-06-01,89.620003,,705.960022,444.27,,,,145.3,68.9608,4.52,,,,,
1994-07-01,89.870003,,722.159973,458.26,,,,145.9,69.0536,4.73,,,,,
1994-08-01,89.669998,,765.619995,475.49,,,,146.5,69.5074,4.81,,,,,
1994-09-01,87.879997,,764.289978,462.71,,,,146.8,69.7304,5.03,,,,,
1994-10-01,85.690002,,777.48999,472.35,,,,146.9,70.2734,5.51,,,,,
1994-11-01,89.129997,,750.320007,453.69,,,,147.3,70.7471,5.79,,,,,
1994-12-01,88.730003,,751.960022,459.27,,,,147.6,71.4653,6.29,,,,,
1995-01-01,87.989998,,755.200012,470.42,,,,148,71.5873,6.24,,,,,
1995-02-01,85.93,,793.72998,487.39,,,,148.4,71.4827,6.16,,,,,
1995-03-01,81.900002,,817.210022,500.71,,,,148.6,71.5962,6.15,,,,,
1995-04-01,81.800003,,843.97998,514.71,,,,149.2,71.4939,6.11,,,,,
1995-05-01,82.57,,864.580017,533.4,,,,149.5,71.8245,6.02,,,,,
1995-06-01,81.580002,,933.450012,544.75,,,,149.8,72.0577,5.9,,,,,
1995-07-01,81.57,,1001.210022,562.06,,,,149.9,71.7421,5.77,,,,,
1995-08-01,85.57,,1020.109985,561.88,,,,150.2,72.6863,5.77,,,,,
1995-09-01,84.290001,,1043.540039,584.41,,,,150.4,72.989,5.73,,,,,
1995-10-01,83.660004,,1036.060059,581.5,,,,150.8,72.8743,5.79,,,,,
1995-11-01,85.260002,,1059.199951,605.37,,,,150.9,73.0432,5.74,,,,,
1995-12-01,84.760002,,1052.130005,615.93,,,,151.3,73.3148,5.62,,,,,
1996-01-01,87.379997,,1059.790039,636.02,,,,152,72.9017,5.39,,,,,
1996-02-01,86.290001,,1100.050049,640.43,,,,152.3,73.955,5.15,,,,,
1996-03-01,86.519997,,1101.400024,645.5,,,,152.9,73.8546,5.29,,,,,
1996-04-01,88.019997,,1190.52002,654.17,,,,153.4,74.6152,5.36,,,,,
1996-05-01,87.779999,,1243.430054,669.12,,,,153.8,75.15,5.36,,,,,
1996-06-01,87.82,,1185.02002,670.63,,,,154,75.719,5.46,,,,,
1996-07-01,85.900002,,1080.589966,639.95,,,,154.3,75.7189,5.53,,,,,
1996-08-01,86.360001,,1141.5,651.99,,,,154.5,76.0875,5.4,,,,,
1996-09-01,87.940002,,1226.920044,687.33,,,,154.9,76.5959,5.51,,,,,
1996-10-01,87.43,,1221.51001,705.27,,,,155.4,76.5662,5.41,,,,,
1996-11-01,87.919998,,1292.609985,757.02,,,,155.9,77.2493,5.38,,,,,
1996-12-01,88.18,,1291.030029,740.74,,,,156.3,77.7342,5.44,,,,,
1997-01-01,93.040001,,1379.849976,786.16,,,,156.6,77.8711,5.43,,,,,
1997-02-01,94.889999,,1309,790.82,,,,156.9,78.7993,5.37,,,,,
1997-03-01,94.720001,,1221.699951,757.12,,,,156.9,79.2746,5.53,,,,,
1997-04-01,97.18,,1260.76001,801.34,,,,157,79.3464,5.71,,,,,
1997-05-01,94.849998,,1400.319946,848.28,,,,157,79.773,5.7,,,,,
1997-06-01,95.669998,,1442.069946,885.14,,,,157.3,80.1365,5.66,,,,,
1997-07-01,99.639999,,1593.810059,954.31,,,,157.4,80.7798,5.6,,,,,
1997-08-01,99,,1587.319946,899.47,,,,157.8,81.6119,5.6,,,,,
1997-09-01,97.110001,,1685.689941,947.28,,,,158.2,82.4022,5.6,,,,,
1997-10-01,95.639999,,1593.609985,914.62,,,,158.4,83.1064,5.65,,,,,
1997-11-01,97.790001,,1600.550049,955.4,,,,158.6,83.7534,5.74,,,,,
1997-12-01,99.650002,,1570.349976,970.43,,,,158.6,84.1331,5.8,,,,,
1998-01-01,100.790001,,1619.359985,980.28,,,,158.8,84.5113,5.54,,,,,
1998-02-01,99.82,,1770.51001,1049.34,,,,158.7,84.6409,5.54,,,,,
1998-03-01,101.5,,1835.680054,1101.75,,,,158.7,84.6684,5.58,,,,,
1998-04-01,99.709999,,1868.410034,1111.75,,,,158.8,84.9827,5.58,,,,,
1998-05-01,100.449997,,1778.869995,1090.82,,,,159.3,85.5129,5.59,,,,,
1998-06-01,101.169998,,1894.73999,1133.84,,,,159.5,84.998,5.6,,,,,
1998-07-01,101.199997,,1872.390015,1120.67,,,,159.8,84.6664,5.59,,,,,
1998-08-01,100.199997,,1499.25,957.28,,,,160,86.4183,5.58,,,,,
1998-09-01,96.169998,,1693.839966,1017.01,,,,160.1,86.3287,5.41,,,,,
1998-10-01,93.730003,,1771.390015,1098.67,,,,160.5,86.9767,5.21,,,,,
1998-11-01,96.199997,,1949.540039,1163.63,,,,160.7,86.9005,5.24,,,,,
1998-12-01,94.169998,,2192.689941,1229.23,,,,161.1,87.2514,5.14,,,,,
1999-01-01,96.080002,,2505.889893,1279.64,,,,161.4,87.6357,4.89,,,,,
1999-02-01,98.68,,2288.030029,1238.33,,,,161.3,88.1298,4.9,,,,,
1999-03-01,100.099998,,2461.399902,1286.37,,,,161.4,88.2987,4.91,,,,,
1999-04-01,101,,2542.860107,1335.18,,,,162.4,88.4947,4.88,,,,,
1999-05-01,102.510002,,2470.52002,1301.84,,,,162.6,89.0447,4.92,,,,,
1999-06-01,102.849998,,2686.120117,1372.71,,,,162.6,88.9802,5.13,,,,,
1999-07-01,99.75,,2638.48999,1328.72,,,,163.3,89.5155,5.24,,,,,
1999-08-01,99.949997,,2739.350098,1320.41,,,,163.8,89.8984,5.41,,,,,
1999-09-01,98.540001,,2746.159912,1282.71,,,,164.6,89.496,5.5,,,,,
1999-10-01,99.059998,,2966.429932,1362.93,,,,164.9,90.6725,6.13,,,,,
1999-11-01,101.989998,,3336.159912,1388.91,,,,165.1,91.1438,6,,,,,
1999-12-01,101.870003,,4069.310059,1469.25,,,,165.6,91.8444,6.05,,,,,
2000-01-01,105.129997,,3940.350098,1394.46,,,,166,91.7942,5.95,,,,,
2000-02-01,105.919998,,4696.689941,1366.42,,,,166.7,92.1272,6.01,26.39,28.22,282.25,2.699,3013.52
2000-03-01,105.440002,,4572.830078,1498.58,,,,167.8,92.4733,6.14,29.06,31.77,290.75,2.815,3251.42
2000-04-01,110.139999,,3860.659912,1452.43,,,,167.6,93.0619,6.28,29.06,31.77,290.75,2.815,3251.42
2000-05-01,108.739998,,3400.909912,1420.6,,,,167.9,93.3427,6.71,24.1,25.87,273.25,3.216,3126.47
2000-06-01,106.839996,,3966.110107,1454.6,,,,169,93.3908,6.73,29.19,30.14,272.55,4.064,3483.54
2000-07-01,109.57,,3766.98999,1430.83,,,,169.5,93.204,6.67,29.19,30.14,272.55,4.064,3483.54
2000-08-01,112.599998,,4206.350098,1517.68,,,,169.3,92.9637,6.61,27.14,27.79,277,3.987,3431.42
2000-09-01,113.25,,3672.820068,1436.51,,,,170.3,93.3533,6.6,31.85,33.38,276.5,4.835,3938.15
2000-10-01,116.650002,,3369.629883,1429.4,,,,170.5,93.0019,6.67,31.85,33.38,276.5,4.835,3938.15
2000-11-01,115.239998,,2597.929932,1314.95,,,,170.8,93.0137,6.65,31.31,33.25,264,4.686,3922.45
2000-12-01,109.559998,,2470.52002,1320.28,,,,171.2,92.7388,6.45,30.17,32.02,269.15,6.673,4129.406
2001-01-01,110.519997,10887.36,2772.72998,1366.01,,,,172.2,92.2054,5.62,22.38,32.02,272.95,10.48,4147.898
2001-02-01,112.010002,10495.28,2151.830078,1239.94,,,,172.5,91.5813,5.26,28.1,29.82,268.4,6.38,4071.4
2001-03-01,117.370003,9878.78,1840.26001,1160.33,,,,172.6,91.3567,4.89,25.85,27.62,265.4,5.186,3887.73
2001-04-01,115.849998,10734.97,2116.23999,1249.46,,,,173,91.072,4.53,25.85,27.62,265.4,5.186,3887.73
2001-05-01,119.07,10911.94,2110.48999,1255.82,,,,174,90.5335,4.02,28.33,28.94,264.1,4.641,3951.32
2001-06-01,119.43,10502.4,2160.540039,1224.38,,,,174.2,90.0322,3.74,29.07,27.93,266.75,3.93,3795.96
2001-07-01,117.18,10522.81,2027.130005,1211.23,,,,173.8,89.4778,3.66,29.07,27.93,266.75,3.93,3795.96
2001-08-01,113.419998,9949.75,1805.430054,1133.58,,,,173.8,89.3838,3.48,24.96,26.77,267.3,3.081,3538.92
2001-09-01,113.480003,8847.56,1498.800049,1040.94,,,,174.7,88.9262,2.87,24.96,26.77,267.3,3.081,3538.92
2001-10-01,114.860001,9075.14,1690.199951,1059.78,,,,173.9,88.6365,2.31,22.89,23.28,291.45,2.208,3163.58
2001-11-01,116.129997,9851.56,1930.579956,1139.45,,,,173.7,88.1058,2.03,19.62,20.39,279.7,3.29,2966.45
2001-12-01,116.75,10021.57,1950.400024,1148.08,,,,173.4,88.0897,1.83,19.62,20.39,279.7,3.29,2966.45
2002-01-01,120.239998,9920,1934.030029,1130.2,,,,173.7,88.6706,1.74,19.76,20.39,276.8,2.77,2823.35
2002-02-01,119.160004,10106.13,1731.48999,1106.73,,,,173.9,88.6723,1.82,19.98,20.38,286,2.138,2804.82
2002-03-01,118.620003,10403.94,1845.349976,1147.39,,,,174.5,89.3624,1.91,21.89,22.4,297.9,2.359,2915.89
2002-04-01,115.190002,9946.22,1688.22998,1076.92,47.993523,59.114792,59.288437,175.4,89.7933,1.87,26,26.88,303.1,3.531,3294.56
2002-05-01,111.809998,9925.25,1615.72998,1067.14,47.993523,59.114792,59.288437,175.5,90.1629,1.82,25.87,26.75,308.5,3.735,3230.24
2002-06-01,106.110001,9243.26,1463.209961,989.82,47.993523,59.114792,59.288437,175.7,90.9078,1.81,25.87,26.75,308.5,3.735,3230.24
2002-07-01,107.410004,8736.59,1328.26001,911.62,47.993523,59.114792,59.288437,176.1,90.8761,1.79,25.64,26.81,314.9,3.192,3256.99
2002-08-01,106.980003,8663.5,1314.849976,916.07,47.993523,59.114792,59.288437,176.6,90.785,1.73,25.01,26.47,304.4,2.842,3208.95
2002-09-01,106.870003,7591.93,1172.060059,815.28,49.672722,59.455288,59.288437,176.8,90.8931,1.76,25.01,26.47,304.4,2.842,3208.95
2002-10-01,106.639999,8397.03,1329.75,885.76,49.075096,59.610352,59.288437,177.2,90.6289,1.73,29.01,30.83,320.1,4.067,3639.06
2002-11-01,106.410004,8896.09,1478.780029,936.31,48.026859,59.370697,59.288437,177.5,91.1366,1.39,25.41,27.13,320.1,4.06,3438.37
2002-12-01,101.849998,8341.63,1335.51001,879.82,49.354694,59.903568,59.288437,177.7,90.6374,1.34,25.41,27.13,320.1,4.06,3438.37
2003-01-01,99.910004,8053.81,1320.910034,855.7,49.519165,60.049274,59.288437,178.6,91.3852,1.29,29.98,27.13,343.25,4.59,3728.76
2003-02-01,99.709999,7891.08,1337.52002,841.15,50.445965,60.195297,59.288437,179.7,91.494,1.27,29.98,27.13,343.25,4.59,3728.76
2003-03-01,99.059998,7992.13,1341.170044,848.18,50.279278,60.313957,59.288437,180.1,91.221,1.23,29.98,27.13,343.25,4.59,3728.76
2003-04-01,97.190002,8480.09,1464.310059,916.92,50.342445,60.406998,59.288437,179.2,90.6448,1.24,26.36,29.78,334.75,5.125,3817.55
2003-05-01,93.269997,8850.26,1595.910034,963.59,52.194298,60.613739,59.288437,178.7,90.6163,1.22,23.82,26.03,341.5,5.267,3665.54
2003-06-01,94.730003,8985.44,1622.800049,974.5,51.897167,60.731415,59.288437,178.9,90.7372,1.04,23.82,26.03,341.5,5.267,3665.54
2003-07-01,96.889999,9233.8,1735.02002,990.31,49.056412,60.427834,59.288437,179.4,91.2028,1.05,28.31,30.4,350.5,5.317,4031.15
2003-08-01,98.099998,9415.82,1810.449951,1008.01,49.349846,60.399368,59.288437,180.3,91.0119,1.08,29.99,32.31,347.6,4.874,4199.547
2003-09-01,92.849998,9275.06,1786.939941,995.97,51.77496,60.975609,59.288437,180.9,91.6355,1.08,29.25,32.31,375.5,4.86,4214.527
2003-10-01,92.730003,9801.12,1932.209961,1050.71,51.053623,60.734932,59.288437,180.6,91.7372,1.1,27.88,29.39,384.2,4.67,4053.64
2003-11-01,90.209999,9782.46,1960.26001,1058.2,51.330055,60.685066,59.288437,180.6,92.3505,1.11,27.88,29.39,384.2,4.67,4053.64
2003-12-01,86.919998,10453.92,2003.369995,1111.92,51.719696,61.011143,59.288437,181,92.4019,1.1,28.25,29.95,403,5.28,4256.77
2004-01-01,87.199997,10488.07,2066.149902,1131.13,53.08416,61.501858,59.288437,181.9,92.5643,1.06,29.99,29.95,417.25,5.76,4501.27
2004-02-01,87.309998,10583.92,2029.819946,1144.94,53.77903,61.7104,60.56118,182.4,93.1092,1.05,29.99,29.95,417.25,5.76,4501.27
2004-03-01,87.610001,10357.7,1994.219971,1126.21,54.481155,61.88892,61.569019,182.7,92.7403,1.05,33.34,36.86,399.5,5.55,4929.977
2004-04-01,90.480003,10225.57,1920.150024,1107.3,52.111797,61.226547,58.315193,182.8,93.1255,1.08,31.55,34.27,426,5.76,4858.129
2004-05-01,88.949997,10188.45,1986.73999,1120.68,51.820175,61.225498,59.462467,183.8,93.797,1.2,31.55,34.27,426,5.76,4858.129
2004-06-01,88.800003,10435.48,2047.790039,1140.84,52.150341,61.207375,59.300758,184.4,93.0677,1.46,39.08,34.27,394.25,6.68,5575.02
2004-07-01,89.959999,10139.71,1887.359985,1101.72,52.78664,61.36026,59.939461,184.6,93.7646,1.57,36.07,38.74,395.8,6.217,5213.59
2004-08-01,88.940002,10173.92,1838.099976,1104.24,54.281906,61.816574,61.476658,184.7,93.8516,1.68,36.07,38.74,395.8,6.217,5213.59
2004-09-01,87.360001,10080.27,1896.839966,1114.58,54.46571,61.76672,61.601734,185.3,93.9393,1.86,41.47,44,408.2,4.965,5400.457
2004-10-01,84.910004,10027.47,1974.98999,1130.2,55.010303,61.948944,62.530582,186.4,94.8012,2.04,46.62,50.12,418.85,6.772,5945.199
2004-11-01,81.82,10428.02,2096.810059,1173.82,53.918407,61.588039,62.227829,187.4,95.0379,2.26,47.06,50.13,426.75,8.72,6019.887
2004-12-01,80.849998,10783.01,2175.439941,1211.92,54.372166,61.608532,62.915905,187.4,95.7433,2.45,42.31,45.49,453.3,7.413,5592.738
2005-01-01,83.599998,10489.94,2062.409912,1181.27,55.192081,61.812172,63.429504,187.2,96.1164,2.61,42.31,45.49,453.3,7.413,5592.738
2005-02-01,82.510002,10766.23,2051.719971,1203.6,54.271038,61.523651,62.997948,188,96.82,2.77,44.82,47.12,420.7,6.316,5557.078
2005-03-01,84.059998,10503.76,1999.22998,1180.59,54.068569,61.539013,63.232628,188.6,96.6725,2.97,50.11,51.68,432.4,6.68,5974.309
2005-04-01,84.43,10192.51,1921.650024,1156.85,55.396317,61.83849,64.175156,189.3,96.8638,3.09,56.51,57.27,425.8,7.749,6573.738
2005-05-01,87.760002,10467.48,2068.219971,1191.5,56.426579,62.08345,64.591438,189.1,96.9622,3.22,56.51,57.27,425.8,7.749,6573.738
2005-06-01,89.110001,10274.97,2056.959961,1191.33,56.701099,62.236908,64.809296,189.3,97.353,3.38,53.27,54.6,415.2,6.789,6044.816
2005-07-01,89.349998,10640.91,2184.830078,1234.18,55.461369,62.006527,63.162991,190.6,97.0425,3.57,57.54,58.75,427.3,7.171,6328.25
2005-08-01,87.580002,10481.6,2152.090088,1220.33,56.561829,62.418224,64.757179,192,97.3856,3.77,60.44,61.57,431.8,8.154,6598.758
2005-09-01,89.519997,10568.7,2151.689941,1228.81,55.571693,62.195858,64.822166,195.1,95.509,3.87,67.72,69.47,443,11.757,7634.129
2005-10-01,90.07,10440.07,2120.300049,1207.01,54.877373,62.139145,64.03376,195.2,96.6445,4.13,67.72,69.47,443,11.757,7634.129
2005-11-01,91.57,10805.87,2232.820068,1249.48,55.210358,62.382137,64.06971,193.7,97.6736,4.31,58.37,59.85,459,11.86,6672.656
2005-12-01,91.169998,10717.5,2205.320068,1248.29,55.774525,62.40715,64.020493,193.7,98.2108,4.45,56.15,58.47,503,13.027,6590.969
2006-01-01,88.959999,10864.86,2305.820068,1280.08,55.764153,62.890839,65.021988,195.1,98.3353,4.56,56.15,58.47,503,13.027,6590.969
2006-02-01,90.110001,10993.41,2281.389893,1280.66,55.5299,62.718678,65.021988,195,98.3412,4.72,65.03,66.56,568.7,8.723,6785.477
2006-03-01,89.730003,11109.32,2339.790039,1294.87,54.77319,62.802158,63.631165,195.3,98.5915,4.88,62.45,61.97,563.4,6.733,6254.758
2006-04-01,86.110001,11367.14,2322.570068,1310.61,54.431343,62.950653,63.157028,196.4,98.9042,5.03,62.45,61.97,563.4,6.733,6254.758
2006-05-01,84.720001,11168.31,2178.879883,1270.09,54.348568,63.057953,63.354736,197,98.8999,5.15,73.89,73.7,657.6,6.695,7087.18
2006-06-01,85.220001,11150.22,2172.090088,1270.2,54.472458,63.202732,63.587242,197.4,99.209,5.35,69.39,70.34,629.2,6.448,6849.07
2006-07-01,85.300003,11185.68,2091.469971,1276.66,55.373375,63.614742,64.54615,198.6,99.1473,5.46,69.39,70.34,629.2,6.448,6849.07
2006-08-01,85.050003,11381.15,2183.75,1303.82,56.347813,64.084976,65.618996,199.5,99.5815,5.38,75.89,74.91,646.7,7.574,7119.289
2006-09-01,85.970001,11679.07,2258.429932,1335.85,57.036156,64.365608,65.689247,198.3,99.4133,5.34,69.15,69.19,625,5.877,6503.195
2006-10-01,85.32,12080.73,2366.709961,1377.94,57.342281,64.632027,65.714996,197.1,99.2931,5.33,69.15,69.19,625,5.877,6503.195
2006-11-01,82.919998,12221.93,2431.77002,1400.63,58.100254,64.942154,66.347191,197.2,99.2376,5.32,58.98,58.71,617.6,7.712,5746.828
2006-12-01,83.720001,12463.15,2415.290039,1418.3,57.198906,64.794128,65.18325,198.4,100.2526,5.32,64.62,63.43,645.3,8.422,6043.574
2007-01-01,84.610001,12621.69,2463.929932,1438.24,57.341587,65.332069,65.335014,198.613,99.86,5.32,59.44,63.43,634.5,5.5,5627.641
2007-02-01,83.57,12268.63,2416.149902,1406.82,58.298294,65.560471,66.628143,199.396,100.8096,5.31,56.72,57.3,657.2,7.53,5439.199
2007-03-01,82.93,12354.35,2421.639893,1420.86,58.246601,65.880714,66.661125,200.65,101.0257,5.3,62.11,62,664.2,7.288,5736.121
2007-04-01,81.449997,13062.91,2525.090088,1482.37,58.565712,66.062492,67.043587,201.304,101.7497,5.31,62.11,62,664.2,7.288,5736.121
2007-05-01,82.300003,13627.64,2604.52002,1530.62,57.755653,66.02523,66.153893,202.275,101.8148,5.31,67,64.4,673.1,7.718,5861.605
2007-06-01,81.919998,13408.62,2603.22998,1503.35,57.471077,66.335388,65.96698,202.652,101.8424,5.33,69.07,65.08,670.7,7.878,5876.402
2007-07-01,80.769997,13211.99,2546.27002,1455.27,58.77763,66.924454,67.489479,203.049,101.7209,5.32,69.07,65.08,670.7,7.878,5876.402
2007-08-01,80.790001,13357.74,2596.360107,1473.99,60.105503,67.627754,68.044334,203.046,101.9639,5.49,75.35,76.53,666.9,6.352,6247.504
2007-09-01,77.720001,13895.63,2701.5,1526.75,60.154293,67.999344,68.920303,204.015,102.2023,5.46,75.35,76.53,666.9,6.352,6247.504
2007-10-01,76.480003,13930.01,2859.120117,1549.38,60.818798,68.332443,69.74366,204.671,101.8873,5.08,77.64,80.24,746.8,7.05,6623.773
2007-11-01,76.150002,13371.72,2660.959961,1481.14,63.291931,69.552589,72.685219,206.479,102.4717,4.97,89.72,93.49,787,8.637,7271.762
2007-12-01,76.699997,13264.82,2652.280029,1468.36,63.101833,69.550346,72.297157,207.107,102.4621,5.02,89.72,93.49,787,8.637,7271.762
2008-01-01,75.18,12650.36,2389.860107,1378.55,65.679947,71.180481,75.564316,207.931,102.3148,3.84,93.82,93.49,833.3,7.11,7466.297
2008-02-01,73.709999,12266.39,2271.47998,1330.63,66.28611,71.7257,76.246979,208.448,101.9384,3.06,89.44,88.96,910,7.74,7307.609
2008-03-01,71.800003,12262.89,2279.100098,1322.7,67.175262,71.958641,76.174927,209.169,101.5904,2.79,89.44,88.96,910,7.74,7307.609
2008-04-01,72.510002,12820.13,2412.800049,1385.59,65.531227,71.345055,74.589226,209.734,100.9098,2.85,100.17,100.98,883.1,9.724,8129.242
2008-05-01,72.879997,12638.32,2522.659912,1400.38,64.382645,71.108498,75.228386,211.094,100.3073,2.66,110.5,112.52,851.65,10.561,8741.801
2008-06-01,72.459999,11350.01,2292.97998,1280,65.095848,71.229767,76.298538,213.68,100.0853,2.76,110.5,112.52,851.65,10.561,8741.801
2008-07-01,73.230003,11378.02,2325.550049,1267.38,65.577957,71.542473,75.909416,215.384,99.6124,2.79,140.67,140.97,938.85,13.505,10636.48
2008-08-01,77.379997,11543.96,2367.52002,1282.83,66.570862,71.835701,76.345604,214.906,98.0601,2.79,124.18,125.1,909.55,9.389,9296.41
2008-09-01,79.449997,10850.66,2091.879883,1166.36,66.486877,72.421936,73.357079,215.1,93.8451,3.59,109.41,125.1,817.1,8.24,8609.477
2008-10-01,85.629997,9325.01,1720.949951,968.75,65.904694,73.183472,67.40686,212.714,94.7036,4.32,95.33,98.53,868.75,7.728,7429.164
2008-11-01,86.519997,8829.04,1535.569946,896.24,70.999672,73.952744,68.539223,207.952,93.4737,2.36,95.33,98.53,868.75,7.728,7429.164
2008-12-01,81.309998,8776.39,1577.030029,903.25,74.408203,74.118515,72.996712,205.85,90.825,1.77,47.97,49.28,769.55,6.604,4316.117
2009-01-01,86,8000.86,1476.420044,825.88,72.020584,74.332848,72.967293,206.496,88.583,1.02,47.97,49.28,880.15,5.63,3995.392
2009-02-01,88.010002,7062.93,1377.839966,735.09,71.290489,74.103539,71.363777,207.285,88.0069,1.16,47.97,49.28,880.15,5.63,3995.392
2009-03-01,85.43,7608.92,1528.589966,797.87,73.664902,74.481232,75.578552,207.049,86.6045,1.07,47.97,49.28,880.15,5.63,3995.392
2009-04-01,84.610001,8168.12,1717.300049,872.81,71.627441,74.348007,73.87941,207.364,85.9406,0.89,48.44,48.39,926.4,3.695,3507.647
2009-05-01,80.43,8500.33,1774.329956,919.14,70.130234,74.366234,75.234177,207.808,85.0635,0.57,52.85,53.2,885.8,3.546,3664.689
2009-06-01,80.129997,8447,1835.040039,919.32,69.740562,74.32782,75.577339,209.999,84.7841,0.39,67.97,68.58,974.2,4.249,4380.348
2009-07-01,78.349998,9171.61,1978.5,987.48,70.334358,74.426247,75.62986,209.971,85.7471,0.35,68.79,69.31,940.25,3.795,4245.137
2009-08-01,78.169998,9496.28,2009.060059,1020.62,70.863037,74.730743,76.235077,210.828,86.7094,0.3,68.79,69.31,940.25,3.795,4245.137
2009-09-01,76.650002,9712.28,2122.419922,1057.08,71.666199,74.911171,77.40181,211.286,87.4072,0.25,67.73,68.05,956.35,2.821,4077.663
2009-10-01,76.300003,9712.73,2045.109985,1036.19,71.572212,75.01664,78.965874,211.976,87.6595,0.24,69.19,70.82,998.5,4.466,4154.285
2009-11-01,74.879997,10344.84,2144.600098,1095.63,72.603546,75.386742,80.946465,212.886,88.0061,0.21,69.19,70.82,998.5,4.466,4154.285
2009-12-01,77.860001,10428.05,2269.149902,1115.1,69.707458,74.330154,79.178757,213.036,88.2819,0.22,79.35,78.37,1197.3,4.762,4541.383
2010-01-01,79.459999,10067.33,2147.350098,1073.87,71.651848,75.51844,80.733612,213.353,89.2744,0.2,77.4,78.37,1096.35,5.82,4534.168
2010-02-01,80.360001,10325.26,2238.26001,1104.49,71.651848,75.563568,79.524483,213.125,89.5648,0.19,73.11,74.43,1106.95,5.434,4237.105
2010-03-01,81.07,10856.63,2397.959961,1169.43,70.938461,75.368378,79.673866,213.233,90.2296,0.23,76.89,78.7,1116.95,4.679,4368.016
2010-04-01,81.870003,11008.61,2461.189941,1186.69,72.099457,75.58979,81.333389,213.304,90.5689,0.3,84.01,84.87,1125.5,4.086,4557.699
2010-05-01,86.480003,10136.63,2257.040039,1089.41,74.202347,75.934158,81.711655,213.148,91.8247,0.45,84.01,84.87,1125.5,4.086,4557.699
2010-06-01,86.019997,9774.02,2109.23999,1030.71,76.480797,76.258957,82.462204,213,92.007,0.52,72.71,72.58,1224.3,4.248,3951.125
2010-07-01,81.540001,10465.94,2254.699951,1101.6,77.192078,76.405205,82.466187,213.476,92.3967,0.41,72.34,72.95,1198.65,4.854,3936.786
2010-08-01,83.199997,10014.72,2114.030029,1049.33,79.779793,76.589622,84.137047,213.797,92.7118,0.32,72.34,72.95,1198.65,4.854,3936.786
2010-09-01,78.720001,10788.05,2368.620117,1141.2,79.788536,76.681503,84.927795,214.187,92.9252,0.28,76.35,73.91,1243.85,3.762,4097.859
2010-10-01,77.269997,11118.49,2507.409912,1183.26,79.793686,76.854347,86.945435,215.048,92.7115,0.27,83.75,81.58,1317.3,3.797,4386.305
2010-11-01,81.199997,11006.02,2498.22998,1180.55,79.074959,76.695175,85.384201,215.625,92.7535,0.27,84.62,82.95,1350.75,3.832,4511.516
2010-12-01,79.029999,11577.51,2652.870117,1257.64,76.154686,76.51001,84.047554,216.619,93.6492,0.3,88.87,86.75,1386.69,4.269,4653.77
2011-01-01,77.739998,11891.93,2700.080078,1286.12,76.527748,76.730667,84.407867,217.468,93.4768,0.29,88.87,86.75,1386.69,4.269,4653.77
2011-02-01,76.889999,12226.34,2782.27002,1327.22,76.17691,76.575546,84.886627,218.231,93.0617,0.28,101.74,90.77,1340.25,4.347,5094.781
2011-03-01,75.860001,12319.73,2781.070068,1325.83,76.073822,76.482285,85.810249,219.548,94.0244,0.28,115.42,99.63,1433.5,3.873,5372.547
2011-04-01,72.93,12810.54,2873.540039,1363.61,77.44706,76.885147,87.604378,220.797,93.7011,0.23,118.7,107.94,1427.88,4.362,5559.316
2011-05-01,74.639999,12569.79,2835.300049,1345.2,79.39682,77.166229,87.836266,221.6,93.849,0.21,118.7,107.94,1427.88,4.362,5559.316
2011-06-01,74.300003,12414.34,2773.52002,1320.64,78.998276,77.162758,88.132927,221.466,94.0844,0.22,114.53,100.29,1540.2,4.629,5280.73
2011-07-01,73.900002,12143.24,2756.379883,1292.28,81.511673,77.388115,91.813576,222.057,94.5881,0.24,111.77,94.94,1484.5,4.311,5042.848
2011-08-01,74.129997,11613.53,2579.459961,1218.89,85.302834,77.654938,92.56591,222.778,95.1605,0.29,116.81,94.89,1618.1,4.188,5185.734
2011-09-01,78.550003,10913.38,2415.399902,1131.42,87.227608,77.582634,93.023071,223.379,95.0855,0.33,114.29,88.93,1824.55,4.05,5072.328
2011-10-01,76.169998,11955.01,2684.409912,1253.3,86.124001,77.613747,94.813705,223.481,95.6902,0.37,114.29,88.93,1824.55,4.05,5072.328
2011-11-01,78.389999,12045.68,2620.340088,1246.96,86.622459,77.649521,95.161232,223.957,95.7307,0.41,109.54,92.19,1718.3,3.781,4873.152
2011-12-01,80.169998,12217.56,2605.149902,1257.6,88.192856,77.656914,95.415314,223.886,96.2047,0.49,108.99,100.2,1744.39,3.648,4963.281
2012-01-01,79.279999,12632.91,2813.840088,1312.41,89.286011,77.798553,97.800453,224.494,96.7772,0.4,108.99,100.2,1744.39,3.648,4963.281
2012-02-01,78.730003,12952.07,2966.889893,1365.68,88.14566,77.660561,97.2351,225.107,97.051,0.3,111.56,97.61,1742.74,2.382,4994.969
2012-03-01,78.93,13212.04,3091.570068,1408.47,86.758385,77.597,96.399323,225.661,96.5714,0.29,126.2,108.84,1715.94,2.463,5370.09
2012-04-01,78.790001,13213.63,3046.360107,1397.91,88.92662,77.758057,97.849602,226.024,97.3139,0.29,126.2,108.84,1715.94,2.463,5370.09
2012-05-01,83.040001,12393.45,2827.340088,1310.33,91.489815,77.804222,99.672707,225.357,97.4669,0.29,119.66,106.16,1660.1,2.371,5166.598
2012-06-01,81.650002,12880.09,2935.050049,1362.16,91.112122,77.728653,98.701965,224.997,97.4577,0.32,98.43,83.23,1625.64,2.326,4363.949
2012-07-01,82.639999,13008.68,2939.52002,1379.32,92.39727,77.901855,100.804832,224.94,97.6786,0.3,98.43,83.23,1625.64,2.326,4363.949
2012-08-01,81.25,13090.84,3066.959961,1406.58,92.288918,77.907463,100.854057,226.434,97.2842,0.26,105.96,88.91,1598.59,3.171,4834.441
2012-09-01,79.940002,13437.13,3116.22998,1440.67,91.976456,77.922195,101.370247,227.697,97.2295,0.24,105.96,88.91,1598.59,3.171,4834.441
2012-10-01,79.919998,13096.46,2977.22998,1412.16,91.62001,77.870537,102.002983,228.4,97.5344,0.23,112.19,92.48,1773.79,3.48,5064.316
2012-11-01,80.150002,13025.58,3010.23999,1416.18,92.513107,77.909279,102.327675,227.844,97.9837,0.23,108.17,87.09,1714.09,3.699,4857.824
2012-12-01,79.769997,13104.14,3019.51001,1426.19,91.522186,77.890816,101.32032,227.671,98.2122,0.24,108.17,87.09,1714.09,3.699,4857.824
2013-01-01,79.209999,13860.58,3142.129883,1498.11,90.579773,77.937904,101.201347,228.112,98.1664,0.23,110.36,87.09,1674.54,3.43,4889.008
2013-02-01,81.980003,14054.49,3160.189941,1514.68,91.484726,77.965569,101.394096,229.633,98.6458,0.22,116.76,97.77,1666.54,3.301,5129.902
2013-03-01,82.989998,14578.54,3267.52002,1569.19,91.759468,77.99424,101.611938,228.765,99.0597,0.21,110.4,90.68,1574.86,3.456,4836.453
2013-04-01,81.730003,14839.8,3328.790039,1597.57,93.143555,78.047783,102.349274,228.132,98.9927,0.2,111.08,97.07,1598.4,4.015,4901.262
2013-05-01,83.379997,15115.57,3455.909912,1630.74,90.261444,77.944305,97.872467,228.255,99.0726,0.2,99.95,91.03,1456.74,4.326,4582.988
2013-06-01,83.169998,14909.6,3403.25,1606.28,87.953728,77.867615,94.154678,228.842,99.2065,0.19,99.95,91.03,1456.74,4.326,4582.988
2013-07-01,81.449997,15499.54,3626.370117,1685.73,87.642853,77.994202,95.116325,229.209,98.9204,0.14,103,97.99,1252.8,3.577,4660.086
2013-08-01,82.089996,14810.31,3589.870117,1632.97,86.393784,77.917496,93.445686,229.788,99.4996,0.12,109.54,107.89,1308.84,3.387,4913.379
2013-09-01,80.220001,15129.67,3771.47998,1681.55,87.978119,78.091293,95.057281,229.77,100.0568,0.11,109.54,107.89,1308.84,3.387,4913.379
2013-10-01,80.199997,15545.75,3919.709961,1756.54,88.66291,78.144981,95.433098,229.92,99.9168,0.12,107.94,102.04,1285.99,3.609,4823.016
2013-11-01,80.68,16086.41,4059.889893,1805.81,87.879898,78.21714,94.365387,230.375,100.1762,0.12,105.91,94.61,1314.74,3.513,4696.461
2013-12-01,80.040001,16576.66,4176.589844,1848.36,85.897179,78.05896,93.0168,231.006,100.3658,0.14,105.91,94.61,1314.74,3.513,4696.461
2014-01-01,81.269997,15698.85,4103.879883,1782.59,88.817528,78.253242,95.048576,231.649,100.038,0.12,111.39,94.61,1205.29,4.34,4829.465
2014-02-01,79.779999,16321.71,4308.120117,1859.45,88.982536,78.26252,95.463638,231.898,100.7918,0.13,111.39,94.61,1205.29,4.34,4829.465
2014-03-01,80.099998,16457.66,4198.990234,1872.34,88.491325,78.181961,94.955383,232.303,101.7782,0.12,111.39,94.61,1205.29,4.34,4829.465
2014-04-01,79.489998,16580.84,4114.560059,1883.95,89.140289,78.263428,96.209045,232.768,101.8337,0.12,105.62,99.74,1279,4.276,4910.066
2014-05-01,80.370003,16717.17,4242.620117,1923.57,90.764824,78.403282,97.911636,233.12,102.2325,0.11,107.76,99.42,1283.49,4.719,4978.453
2014-06-01,79.779999,16826.6,4408.180176,1960.23,90.587456,78.339401,97.939301,233.416,102.5722,0.11,107.76,99.42,1283.49,4.719,4978.453
2014-07-01,81.459999,16563.3,4369.77002,1930.67,90.372253,78.277283,98.113205,233.573,102.8479,0.13,112.29,105.34,1325.44,4.455,5098.59
2014-08-01,82.75,17098.45,4580.27002,2003.37,92.0672,78.420921,98.697815,233.477,102.6491,0.13,104.84,97.88,1293.6,3.798,4802.34
2014-09-01,85.940002,17042.9,4493.390137,1972.29,91.116928,78.362579,96.272804,233.433,102.9858,0.12,102.79,97.88,1287.04,4.03,4755.742
2014-10-01,86.879997,17390.52,4630.740234,2018.05,92.507561,78.564766,97.304245,233.208,102.9911,0.12,94.16,90.73,1213.39,4.023,4459.805
2014-11-01,88.360001,17828.24,4791.629883,2067.56,93.709114,78.648323,97.459084,232.591,103.6669,0.13,94.16,90.73,1213.39,4.023,4459.805
2014-12-01,90.269997,17823.07,4736.049805,2058.9,93.694054,78.387505,96.383492,231.494,103.6139,0.15,72.54,69,1210.43,4.007,3827.075
2015-01-01,94.800003,17164.95,4635.240234,1994.99,98.036224,78.937317,99.55117,229.498,102.8479,0.16,55.84,69,1181.6,2.99,3232.798
2015-02-01,95.25,18132.7,4963.529785,2104.5,95.45565,78.677238,98.268394,230.264,102.2292,0.15,55.84,69,1181.6,2.99,3232.798
2015-03-01,98.360001,17776.12,4900.879883,2067.89,96.279228,78.875061,97.794861,230.948,101.8945,0.14,55.84,69,1181.6,2.99,3232.798
2015-04-01,94.599998,17840.52,4941.419922,2085.51,95.666428,78.894653,98.457809,231.118,101.2859,0.13,57.1,50.09,1204,2.605,3042.351
2015-05-01,96.910004,18010.68,5070.029785,2107.39,95.277519,78.929047,97.467712,232.035,100.8408,0.15,66.46,59.15,1178.1,2.776,3282.228
2015-06-01,95.489998,17619.51,4986.870117,2063.11,93.717567,78.952324,96.469025,232.72,100.5063,0.18,64.88,60.2,1188.65,2.649,3225.205
2015-07-01,97.370003,17689.86,5128.279785,2103.84,95.14418,78.986763,96.985565,233.021,101.1831,0.19,62.01,56.96,1168.5,2.783,3167.137
2015-08-01,95.949997,16528.03,4776.509766,1972.18,95.219582,78.947655,96.064362,232.967,100.9115,0.26,62.01,56.96,1168.5,2.783,3167.137
2015-09-01,96.349998,16284.7,4620.160156,1920.03,96.720482,79.178688,95.298141,232.092,100.568,0.27,49.56,45.41,1139.7,2.702,2657.507
2015-10-01,96.949997,17663.54,5053.75,2079.36,96.109222,79.066902,95.794998,232.262,100.1588,0.25,47.69,44.74,1113.16,2.433,2584.551
2015-11-01,100.169998,17719.92,5108.669922,2080.41,95.697884,78.861656,95.710472,232.491,99.4099,0.3,47.69,44.74,1113.16,2.433,2584.551
2015-12-01,98.629997,17425.03,5007.410156,2043.94,95.114265,78.703896,94.743027,232.088,98.8329,0.54,44.44,41.85,1069.11,2.231,2386.579
2016-01-01,99.610001,16466.3,4613.950195,1940.24,98.590294,79.295845,96.22879,231.862,99.4797,0.57,44.44,37.07,1060.24,2.231,2170.615
2016-02-01,98.209999,16516.5,4557.950195,1932.23,99.909477,79.342537,97.403564,231.279,98.9583,0.54,34.24,31.62,1128.46,2.152,2005.392
2016-03-01,94.589996,17685.09,4869.850098,2059.74,99.847206,79.449944,99.027534,232.202,98.1954,0.55,36.81,34.4,1231.86,1.742,2024.285
2016-04-01,93.080002,17773.64,4775.359863,2065.3,99.681076,79.47525,99.234825,233.163,98.4673,0.55,38.67,36.79,1222.11,1.956,2070.556
2016-05-01,95.889999,17787.2,4948.049805,2096.95,99.588058,79.382645,98.595619,233.74,98.2889,0.57,38.67,36.79,1222.11,1.956,2070.556
2016-06-01,96.139999,17929.99,4842.669922,2098.86,102.66066,79.858978,100.781036,234.419,98.7201,0.55,49.72,49.01,1212.4,2.381,2387.4
2016-07-01,95.529999,18432.24,5162.129883,2173.6,102.922661,79.822708,101.011604,234.117,98.8992,0.62,50.35,48.99,1341.91,2.987,2400.04
2016-08-01,96.019997,18400.88,5213.220215,2170.95,101.881828,79.635231,100.710472,234.48,98.7249,0.73,42.14,40.06,1352.85,2.771,2112.299
2016-09-01,95.459999,18308.15,5312,2168.27,102.124779,79.739204,101.501266,235.193,98.606,0.75,45.45,43.16,1313.47,2.792,2154.703
2016-10-01,98.449997,18142.42,5189.140137,2126.15,100.602966,79.701698,101.317329,235.776,98.6703,0.72,45.45,43.16,1313.47,2.792,2154.703
2016-11-01,101.5,19123.58,5323.680176,2198.81,96.344589,79.325203,99.218559,235.992,98.2288,0.71,48.14,46.67,1287.8,2.902,2245.066
2016-12-01,102.389999,19762.6,5383.120117,2238.83,96.076324,79.325897,98.964966,236.654,98.8958,0.87,53.94,51.06,1170.91,3.505,2354.681
2017-01-01,99.510002,19864.09,5614.790039,2278.87,96.576782,79.514923,100.063393,237.722,98.7446,0.9,53.94,51.06,1170.91,3.505,2354.681
2017-02-01,101.120003,20812.24,5825.439941,2363.64,97.128372,79.496101,100.47525,237.85,98.3676,0.87,56.8,53.88,1209.11,3.168,2418.545
2017-03-01,100.349998,20663.22,5911.740234,2362.72,97.220329,79.544083,100.47525,237.678,99.1065,0.98,56.36,53.83,1248.86,2.799,2394.746
2017-04-01,99.050003,20940.51,6047.609863,2384.2,98.285172,79.68914,100.790756,238.174,100.0363,1.03,56.36,53.83,1248.86,2.799,2394.746
2017-05-01,96.919998,21008.65,6198.52002,2411.8,99.098198,79.743843,100.637596,237.901,100.147,1.05,51.52,48.84,1256.3,3.215,2240.402
2017-06-01,95.660004,21349.63,6140.419922,2423.41,98.590622,79.679718,99.787094,238.017,100.3042,1.16,50.63,48.36,1265.26,3.008,2209.488
2017-07-01,92.860001,21891.12,6348.120117,2470.3,98.963783,79.824974,100.214905,237.995,100.2092,1.22,50.63,48.36,1265.26,3.008,2209.488
2017-08-01,92.669998,21948.1,6428.660156,2471.65,100.400955,79.98278,101.322159,238.994,99.7055,1.25,51.78,49.16,1268.55,2.819,2239.534
2017-09-01,93.080002,22405.09,6495.959961,2519.36,98.958328,79.832558,100.594856,240.611,99.7485,1.25,52.75,47.29,1324.57,3.07,2253.928
2017-10-01,94.550003,23377.24,6727.669922,2575.26,98.771698,79.758537,100.99855,240.611,100.988,1.26,52.75,51.6211,1324.57,3.07,2253.928
2017-11-01,93.010002,24272.35,6873.970215,2647.58,98.490707,79.581329,100.934708,241.486,101.273,1.32,60.49,54.3,1274.01,2.893,2415.483
2017-12-01,92.120003,24719.22,6903.390137,2673.61,98.521782,79.474968,101.484245,241.814,101.3696,1.54,63.73,58.36,1280.19,3.061,2478.921
2018-01-01,89.129997,26149.39,7411.47998,2823.81,96.700386,79.411011,101.206528,242.885,101.3561,1.63,66.7045,60.2566,1280.19,3.0817,2556.708
2018-02-01,90.610001,25029.2,7273.009766,2713.83,95.642593,79.249557,100.141747,243.428,101.6495,1.78,69.65,65.8,1348.81,2.856,2665.627
2018-03-01,90.150002,24103.11,7063.450195,2640.87,96.754814,79.445221,101.171616,243.51,102.298,2.08,63.83,60.99,1316.16,2.698,2542.466
2018-04-01,91.839996,24163.15,7066.27002,2648.05,95.506371,79.251198,100.77787,244.33,103.4095,2.2,63.83,65.1858,1316.16,2.698,2542.466
2018-05-01,93.989998,24415.84,7442.120117,2705.27,96.430565,79.521477,100.922173,244.847,102.5408,2.16,73.13,67.25,1303.6,2.802,2716.404
2018-06-01,94.629997,24271.41,7510.299805,2718.37,96.612015,79.534119,101.72287,245.262,103.3045,2.19,76.79,65.81,1292.74,2.962,2759.11
2018-07-01,94.489998,25415.19,7671.790039,2816.29,96.113396,79.482407,101.096581,245.364,103.5474,2.17,78.6233,73.6133,1292.74,2.962,2759.11
2018-08-01,95.139999,25964.82,8109.540039,2901.52,97.077118,79.750046,101.710945,245.782,104.1659,2.19,72.39,67.66,1215.49,2.758,2679.361
2018-09-01,95.190002,26458.31,8046.350098,2913.98,95.903221,79.642944,100.798897,246.233,104.1315,2.24,77.4,69.88,1215.49,2.758,2679.361
2018-10-01,97.129997,25115.76,7305.899902,2711.74,95.61171,79.758736,99.519615,247.094,103.9874,2.37,84.98,75.3,1187.73,3.094,2917.345
2018-11-01,97.269997,25538.46,7330.540039,2760.17,96.87085,80.053917,100.004105,246.825,103.9127,2.56,72.89,63.69,1232.8,3.237,2660.089
2018-12-01,96.169998,23327.46,6635.279785,2506.85,99.387405,80.55127,100.307617,246.124,103.867,2.69,72.89,50.854,1232.8,3.237,2660.089
2019-01-01,95.580002,24999.67,7281.740234,2704.1,100.452812,81.007141,102.052925,245.961,103.3023,2.59,72.89,50.854,1282.17,2.9708,2203.469
2019-02-01,96.160004,25916,7532.529785,2784.49,99.715324,80.929825,101.878349,246.527,102.728,2.49,62.75,55.26,1317.9301,2.734,2433.557
2019-03-01,97.279999,25928.68,7729.319824,2834.4,102.382011,81.435066,103.890587,247.807,102.8635,2.48,65.07,55.8,1293.3123,2.859,2464.062
2019-04-01,97.480003,26592.91,8095.390137,2945.83,101.837646,81.575378,104.120277,249.098,102.2543,2.47,69.01,61.59,1287.415,2.708,2566.273
2019-05-01,97.75,24815.04,7453.149902,2752.06,104.94664,82.171997,105.91198,248.995,102.4519,2.44,72.18,63.6,1276.355,2.62,2605.199
2019-06-01,96.129997,26599.96,8006.240234,2941.76,106.22892,82.538864,106.146896,248.93,102.384,2.3,72.18,63.6,1276.355,2.62,2605.199
2019-07-01,98.519997,26864.27,8175.419922,2980.38,106.291954,82.499313,106.507561,249.475,102.0568,2.22,65.06,59.09,1384.0649,2.267,2498.304
2019-08-01,98.919998,26403.28,7962.879883,2926.46,110.489952,83.149818,109.314209,249.562,102.6882,2.06,60.5,53.95,1445.0551,2.202,2378.534
2019-09-01,99.379997,26916.83,7999.339844,2976.74,109.190277,83.042999,108.304321,249.958,102.3143,2.03,60.5,54.943,1445.0551,2.202,2378.534
2019-10-01,97.349998,27046.23,8292.360352,3037.56,109.411453,83.313248,108.144325,250.971,101.4645,1.88,58.89,53.62,1478.58,2.283,2385.517
2019-11-01,98.269997,28051.41,8665.469727,3140.98,108.662582,83.269249,108.62558,251.514,101.9876,1.77,61.69,56.2,1513.55,2.714,2478.704
2019-12-01,96.389999,28538.44,8972.599609,3230.78,107.508293,83.268959,108.821678,251.791,101.6179,1.76,61.1021,55.869,1513.55,2.714,2478.704
2020-01-01,97.389999,28256.03,9150.94043,3225.52,111.551758,84.019669,111.349724,252.173,101.0918,1.65,66.3929,61.1925,1513.55,2.1483,2591.861
2020-02-01,98.129997,25409.36,8567.370117,2954.22,114.701515,84.621765,112.256912,252.188,101.3247,1.59,66.3929,61.1925,1513.55,2.1483,2591.861
2020-03-01,99.050003,21917.16,7700.100098,2584.59,118.989059,85.685516,110.401306,251.295,97.4477,1.35,66.3929,61.1925,1513.55,2.1483,2591.861
2020-04-01,99.019997,24345.72,8889.549805,2912.43,119.317619,85.939346,113.57515,249.286,84.2018,1.35,24.74,20.31,1590.59,1.588,1445.109
2020-05-01,98.339996,25383.11,9489.870117,3044.31,119.724312,85.9058,114.204361,248.983,85.8434,0.17,26.44,19.78,1699.1212,1.881,1346.903
2020-06-01,97.389999,25812.88,10058.76953,3100.29,119.781601,85.927536,115.613548,250.459,91.1622,0.2,38.32,35.44,1742.44995,1.787,1572.22
2020-07-01,93.489998,26428.32,10745.26953,3271.12,120.816528,86.01683,118.301804,252.069,94.8887,0.18,42.03,39.82,1769.30005,1.691,1667.291
2020-08-01,92.139999,28430.05,11775.45996,3500.31,119.655357,86.007896,119.354546,253.135,95.8924,0.15,42.03,39.82,1769.30005,1.691,1667.291
2020-09-01,93.889999,27781.7,11167.50977,3363,120.058403,86.007851,118.903366,253.837,95.6019,0.13,45.58,42.76,1970.1415,2.513,1799.764
2020-10-01,94.040001,26501.6,10911.58984,3269.96,118.409607,85.97702,117.709625,254.177,96.6454,0.12,40.93,38.72,1905.04907,2.483,1693.712
2020-11-01,91.870003,29638.64,12198.74023,3621.63,118.812126,85.996864,119.221169,254.589,97.1609,0.16,40.93,38.72,1905.04907,2.483,1693.712
2020-12-01,89.940002,30606.48,12888.28027,3756.07,118.452866,86.005798,120.687584,255.275,98.2854,0.17,47.42,44.55,1814.86853,2.88,1855.734
2021-01-01,90.580002,29982.62,13070.69043,3714.24,117.308586,86.090485,121.158424,256.044,99.4076,0.14,47.42,44.55,1898.1,2.88,1976.955
2021-02-01,90.93,30932.37,13192.34961,3811.15,114.460915,86.010765,119.113724,257.104,96.3966,0.11,56.35,53.55,1860.16,2.85,2104.989
2021-03-01,93.230003,32981.55,13246.87012,3972.89,111.736099,85.970856,118.801323,258.904,99.1618,0.1,63.69,60.64,1723.83887,2.777,2273.273
2021-04-01,91.279999,33874.85,13962.67969,4181.17,112.853134,86.02269,120.2118,260.97,99.2416,0.11,64.86,61.45,1730.182,2.639,2276.577
2021-05-01,90.029999,34529.45,13748.74023,4204.11,113.329315,86.081535,121.23999,262.829,99.9226,0.1,64.86,61.45,1730.182,2.639,2276.577
2021-06-01,92.440002,34502.51,14503.9502,4297.5,114.483421,85.933922,121.962318,265.577,100.4704,0.09,70.25,67.52,1900.19,3.104,2533.345
2021-07-01,92.169998,34935.47,14672.67969,4395.26,116.764702,86.075554,125.077568,266.945,101.1676,0.1,75.84,75.23,1776.6,3.661,2619.852
2021-08-01,92.629997,35360.73,15259.24023,4522.68,116.306587,86.048637,124.942307,267.749,101.0927,0.1,75.84,75.23,1776.6,3.661,2619.852
2021-09-01,94.25,33843.92,14448.58008,4307.54,114.444847,85.960823,123.847397,268.872,99.8606,0.1,71.59,68.59,1813.655,4.615,2571.697
2021-10-01,94.120003,35819.56,15498.38965,4605.38,113.936607,85.674393,125.666779,271.724,101.2169,0.11,79.28,75.88,1760.36023,5.619,2754.096
2021-11-01,95.989998,34483.72,15537.69043,4567,115.179504,85.625443,127.06356,274.077,102.0298,0.14,84.71,82.45,1793.045,5.186,2912.465
2021-12-01,95.669998,36338.3,15644.96973,4766.18,114.464676,85.386871,126.732933,,101.6188,0.17,68.57,65.37,1782.66,4.188,2573.235
2022-01-01,96.540001,35131.86,14239.87988,4515.55,112.234192,84.865227,125.067589,,103.0309,0.22,68.57,65.37,1782.66,4.188,2573.235
2022-02-01,96.709999,33892.6,13751.40039,4373.94,111.785538,84.475616,125.70015,,103.5811,0.38,89.16,86.46,1800.65186,4.573,3111.999
2022-03-01,98.309998,34678.35,14220.51953,4530.41,107.252304,83.289375,123.549141,,,0.73,101.13,100.21,1943.219,4.573,3558.34
2022-04-01,102.959999,34583.57,13897.29981,4500.21,103.143745,83.004135,120.642181,,,,104.39,99.27,1924.3,5.72,3678.741
2022-05-01,103.919998,,,,,,,,,,,,,,
